{
  "generated_at_utc": "2026-01-17T19:07:06Z",
  "inputs": {
    "excel_path": "/mnt/data/security_audit_requirements.xlsx",
    "sheet": "audit",
    "evidence_column_present": true,
    "detected_columns": {
      "puid": "id (PUID)",
      "description": "Description (EN)",
      "result_status": "Result",
      "flags": "Flags used",
      "evidence": "Justification (EN)"
    }
  },
  "app_metadata": {
    "Name": "OpenMRS Android Client",
    "Developer": "Openmrs.org",
    "Category": "Mobile Health (mHealth) / Electronic Medical Record (EMR) Client",
    "Supported platforms": "Android (SDK 19–33+)",
    "Version": "3.1.1",
    "Last update": "28/08/2023",
    "Compatible idioms": "English",
    "Source": "Open source",
    "License": "MPL-2.0",
    "Main language": "Java + Kotlin + XML + Groovy"
  },
  "actors": {
    "Auditor": "Carlos Michael Mejia Granda",
    "Requirement Engineering team": [
      "Carlos M. Mejía-Granda",
      "José L Fernández-Alemán",
      "Juan Manuel Carrillo-de-Gea",
      "José A. García-Berná"
    ],
    "Engineering Group (EN)": [
      "Carlos M. Mejía-Granda",
      "José L Fernández-Alemán",
      "Juan Manuel Carrillo-de-Gea",
      "José A. García-Berná"
    ]
  },
  "normalization": {
    "status_values": [
      "Compliant",
      "Non-compliant",
      "Not applicable"
    ],
    "category_map": {
      "ICU": "Improper Credential Usage",
      "ISU": "Inadequate Supply Chain Security",
      "IAA": "Insecure Authentication/Authorization",
      "IOV": "Insufficient Input/Output Validation",
      "ICO": "Insecure Communication",
      "IPC": "Inadequate Privacy Controls",
      "IBP": "Insufficient Binary Protections",
      "SMC": "Security Misconfiguration",
      "IDS": "Insecure Data Storage",
      "ICR": "Insufficient Cryptography"
    },
    "result_mapping_note": "Upstream 'Result' values yes/no/n/a are normalized to Compliant/Non-compliant/Not applicable."
  },
  "metrics": {
    "total_assessed": 469,
    "applicable": 404,
    "compliant": 28,
    "non_compliant": 376,
    "not_applicable": 65,
    "overall_compliance_pct": 6.9306930693069315
  },
  "category_metrics": {
    "IAA": {
      "category_name": "Insecure Authentication/Authorization",
      "applicable": 103,
      "compliant": 1,
      "non_compliant": 102,
      "not_applicable": 21,
      "compliance_pct": 0.9708737864077669
    },
    "IBP": {
      "category_name": "Insufficient Binary Protections",
      "applicable": 30,
      "compliant": 2,
      "non_compliant": 28,
      "not_applicable": 4,
      "compliance_pct": 6.666666666666667
    },
    "ICO": {
      "category_name": "Insecure Communication",
      "applicable": 27,
      "compliant": 12,
      "non_compliant": 15,
      "not_applicable": 5,
      "compliance_pct": 44.44444444444444
    },
    "ICR": {
      "category_name": "Insufficient Cryptography",
      "applicable": 19,
      "compliant": 3,
      "non_compliant": 16,
      "not_applicable": 4,
      "compliance_pct": 15.789473684210526
    },
    "ICU": {
      "category_name": "Improper Credential Usage",
      "applicable": 4,
      "compliant": 0,
      "non_compliant": 4,
      "not_applicable": 0,
      "compliance_pct": 0.0
    },
    "IDS": {
      "category_name": "Insecure Data Storage",
      "applicable": 82,
      "compliant": 1,
      "non_compliant": 81,
      "not_applicable": 2,
      "compliance_pct": 1.2195121951219512
    },
    "IOV": {
      "category_name": "Insufficient Input/Output Validation",
      "applicable": 21,
      "compliant": 0,
      "non_compliant": 21,
      "not_applicable": 5,
      "compliance_pct": 0.0
    },
    "IPC": {
      "category_name": "Inadequate Privacy Controls",
      "applicable": 39,
      "compliant": 2,
      "non_compliant": 37,
      "not_applicable": 3,
      "compliance_pct": 5.128205128205128
    },
    "ISU": {
      "category_name": "Inadequate Supply Chain Security",
      "applicable": 42,
      "compliant": 4,
      "non_compliant": 38,
      "not_applicable": 17,
      "compliance_pct": 9.523809523809524
    },
    "SMC": {
      "category_name": "Security Misconfiguration",
      "applicable": 37,
      "compliant": 3,
      "non_compliant": 34,
      "not_applicable": 4,
      "compliance_pct": 8.108108108108109
    }
  },
  "likelihood_rubric": {
    "High": "≥50",
    "Medium–High": "20–49",
    "Medium": "10–19",
    "Low–Medium": "<10"
  },
  "positive_controls_candidates": [
    {
      "puid": "SECM-CAT-ISU-002",
      "category_code": "ISU",
      "category_name": "Inadequate Supply Chain Security",
      "declarative_statement": "The application applications not change the SSL verification method that can allow self-signed certificates. Self-signed certificates or a local Certificate Authority (CA) be used during development to keep with good SSL practices.",
      "flags_used": "has_android_ssl_pinning_present, has_android_ssl_pinning_detected, has_manifest_allow_clear_text_traffic_true",
      "evidence_excerpt": "Result: yes for requirement SECM-CAT-ISU-002. Based on the fingerprint and the flags mapped to this requirement, the application is compliant because the evaluated signals support …"
    },
    {
      "puid": "SECM-CAT-ISU-005",
      "category_code": "ISU",
      "category_name": "Inadequate Supply Chain Security",
      "declarative_statement": "The application remove all code that seems to accept every SSL/TLS certificate, e.g., org.apache.http.conn.ssl.AllowAllHostnameVerifier, SSLSocketFactory.ALLOW_ALL_HOSTNAME_VERIFIER, post-development cycle for secure certificate validation.",
      "flags_used": "has_android_ssl_pinning_present, has_android_ssl_pinning_detected, has_manifest_allow_clear_text_traffic_true",
      "evidence_excerpt": "Result: yes for requirement SECM-CAT-ISU-005. Based on the fingerprint and the flags mapped to this requirement, the application is compliant because the evaluated signals support …"
    },
    {
      "puid": "SECM-CAT-ISU-035",
      "category_code": "ISU",
      "category_name": "Inadequate Supply Chain Security",
      "declarative_statement": "The application be free of adware and known malware (via virus-checking against some established library of viruses), and prevents the execution of malicious code, as well as disallowing the uploading of malicious or dangerous-looking scripts or files.",
      "flags_used": "has_malware_detections",
      "evidence_excerpt": "Result: yes for requirement SECM-CAT-ISU-035. Based on the fingerprint and the flags mapped to this requirement, the application is compliant because the evaluated signals support …"
    },
    {
      "puid": "SECM-CAT-ISU-056",
      "category_code": "ISU",
      "category_name": "Inadequate Supply Chain Security",
      "declarative_statement": "The application request the READ_SMS permission only when absolutely necessary, minimize its usage, and securely handle SMS data to prevent misuse or exploitation by malicious third parties.",
      "flags_used": "has_android_extra_risky_permissions_present, has_supports_runtime_permission_management",
      "evidence_excerpt": "Result: yes for requirement SECM-CAT-ISU-056. Based on the fingerprint and the flags mapped to this requirement, the application is compliant because the evaluated signals support …"
    },
    {
      "puid": "SECM-CAT-IAA-009",
      "category_code": "IAA",
      "category_name": "Insecure Authentication/Authorization",
      "declarative_statement": "The application encrypt passwords during transmission to ensure that no passwords are sent in clear text over the network.",
      "flags_used": "has_manifest_allow_clear_text_traffic_true, has_android_ssl_pinning_present, has_ssl_pinning_findings_severity_good",
      "evidence_excerpt": "Result: yes for requirement SECM-CAT-IAA-009. Based on the fingerprint and the flags mapped to this requirement, the application is compliant because the evaluated signals support …"
    },
    {
      "puid": "SECM-CAT-ICO-004",
      "category_code": "ICO",
      "category_name": "Insecure Communication",
      "declarative_statement": "The application prioritize secure and authenticated communication methods, such as Firebase Cloud Messaging (FCM) or encrypted IP-based networking protocols, instead of relying on SMS for app-server interactions.",
      "flags_used": "has_tls_ssl_pinning_implemented, has_ssl_cert_pinning_implemented",
      "evidence_excerpt": "Result: yes for requirement SECM-CAT-ICO-004. Based on the fingerprint and the flags mapped to this requirement, the application is compliant because the evaluated signals support …"
    },
    {
      "puid": "SECM-CAT-ICO-006",
      "category_code": "ICO",
      "category_name": "Insecure Communication",
      "declarative_statement": "The application assume that the network layer is unsecure and susceptible to eavesdropping. Implement end-to-end encryption and other secure communication practices to safeguard sensitive data transmitted over the network.",
      "flags_used": "has_tls_ssl_pinning_implemented, has_android_ssl_pinning_detected, has_insecure_http_based_webview_communication",
      "evidence_excerpt": "Result: yes for requirement SECM-CAT-ICO-006. Based on the fingerprint and the flags mapped to this requirement, the application is compliant because the evaluated signals support …"
    },
    {
      "puid": "SECM-CAT-ICO-008",
      "category_code": "ICO",
      "category_name": "Insecure Communication",
      "declarative_statement": "The application the mobile application ensure the confidentiality and integrity of electronically transmitted data, including electronic protected health information (ePHI), by implementing industry-standard encryption protocols and integrity controls during data transmission.",
      "flags_used": "has_ssl_cert_pinning_implemented, has_ssl_pinning_findings_severity_good, has_insecure_http_based_webview_communication",
      "evidence_excerpt": "Result: yes for requirement SECM-CAT-ICO-008. Based on the fingerprint and the flags mapped to this requirement, the application is compliant because the evaluated signals support …"
    },
    {
      "puid": "SECM-CAT-ICO-010",
      "category_code": "ICO",
      "category_name": "Insecure Communication",
      "declarative_statement": "The application the mobile application ensure confidentiality and integrity of information during reception by enforcing TLS encryption for all data exchanges.",
      "flags_used": "has_manifest_allow_clear_text_traffic_true, has_android_ssl_pinning_detected",
      "evidence_excerpt": "Result: yes for requirement SECM-CAT-ICO-010. Based on the fingerprint and the flags mapped to this requirement, the application is compliant because the evaluated signals support …"
    },
    {
      "puid": "SECM-CAT-ICO-012",
      "category_code": "ICO",
      "category_name": "Insecure Communication",
      "declarative_statement": "The application the mobile application ensure the confidentiality and integrity of transmitted information by requiring TLS encryption for all communications. Cryptographic mechanisms such as HMAC-SHA1, HMAC-SHA-256, HMAC-SHA-512, or GCM mode be implemented to prevent unauthorized disclosure and detect tampering during data transmission.",
      "flags_used": "has_android_ssl_pinning_detected, has_tls_ssl_pinning_implemented",
      "evidence_excerpt": "Result: yes for requirement SECM-CAT-ICO-012. Based on the fingerprint and the flags mapped to this requirement, the application is compliant because the evaluated signals support …"
    },
    {
      "puid": "SECM-CAT-ICO-013",
      "category_code": "ICO",
      "category_name": "Insecure Communication",
      "declarative_statement": "The application the mobile application validate all data downloaded over insecure protocols, such as HTTP. Input validation be enforced on all responses, particularly when processing data in WebView components or handling responses to HTTP intents, to ensure untrusted data does not compromise application security.",
      "flags_used": "has_tls_ssl_pinning_implemented, has_ssl_cert_pinning_implemented",
      "evidence_excerpt": "Result: yes for requirement SECM-CAT-ICO-013. Based on the fingerprint and the flags mapped to this requirement, the application is compliant because the evaluated signals support …"
    },
    {
      "puid": "SECM-CAT-ICO-014",
      "category_code": "ICO",
      "category_name": "Insecure Communication",
      "declarative_statement": "The application the mobile application configure all session cookies to include the HTTPOnly flag to prevent client-side scripts from accessing session cookies, mitigating the risk of cross-site scripting (XSS) attacks.",
      "flags_used": "has_session_id_assigned_from_server_cookie",
      "evidence_excerpt": "Result: yes for requirement SECM-CAT-ICO-014. Based on the fingerprint and the flags mapped to this requirement, the application is compliant because the evaluated signals support …"
    }
  ],
  "weakness_patterns": [
    {
      "pattern": "Hardcoded credentials / embedded secrets",
      "mapped_noncompliant_count": 65,
      "example_puids": [
        "SECM-CAT-ICU-001",
        "SECM-CAT-ICU-002",
        "SECM-CAT-ICU-003",
        "SECM-CAT-ICU-004",
        "SECM-CAT-ISU-001"
      ],
      "description_anchors": [
        "The mobile application should not contain hardcoded details of external resources, credentials, or API keys to prevent unauthorized access and secure the app from vulnerabilities.",
        "Applications shall not store passwords or secrets in the application binary, nor inhibit backend integration by using generic shared secrets."
      ],
      "severity": "High",
      "recommended_owner": "Mobile Engineering / Security Engineering",
      "likelihood": "High"
    },
    {
      "pattern": "Authorization / RBAC / least privilege gaps",
      "mapped_noncompliant_count": 50,
      "example_puids": [
        "SECM-CAT-ISU-027",
        "SECM-CAT-ISU-032",
        "SECM-CAT-IAA-005",
        "SECM-CAT-IAA-006",
        "SECM-CAT-IAA-025"
      ],
      "description_anchors": [
        "The user-facing components of the application must be logically or physically separated from the data storage and management interfaces and security functions. And security-related functionality is to be isolated; you ca…",
        "Modify and maintain privileges for software libraries must be controlled within application owners."
      ],
      "severity": "High",
      "recommended_owner": "Mobile Engineering / Governance",
      "likelihood": "High"
    },
    {
      "pattern": "Insecure local storage / key management gaps",
      "mapped_noncompliant_count": 49,
      "example_puids": [
        "SECM-CAT-ISU-019",
        "SECM-CAT-ISU-036",
        "SECM-CAT-IAA-040",
        "SECM-CAT-IAA-112",
        "SECM-CAT-IOV-020"
      ],
      "description_anchors": [
        "The app should not store any biometric data or private keys on the client device, thus would store and process sensitive data only on the server.",
        "The application should be built to run in untrusted environments and should only retrieve the absolute minimum amount of information needed to function—limiting the potential for data leakage or corruption."
      ],
      "severity": "High",
      "recommended_owner": "Mobile Engineering",
      "likelihood": "Medium–High"
    },
    {
      "pattern": "Weak authentication lifecycle / brute-force protections",
      "mapped_noncompliant_count": 44,
      "example_puids": [
        "SECM-CAT-ISU-011",
        "SECM-CAT-IAA-003",
        "SECM-CAT-IAA-008",
        "SECM-CAT-IAA-011",
        "SECM-CAT-IAA-017"
      ],
      "description_anchors": [
        "The application must continue with strong access control, and local integrity checks applied to determine if the code has been modified without permission.",
        "The application must prevent non-privileged users from executing privileged functions, including disabling, circumventing, or altering implemented security safeguards or countermeasures."
      ],
      "severity": "High",
      "recommended_owner": "Mobile Engineering",
      "likelihood": "Medium–High"
    },
    {
      "pattern": "Transport security / certificate validation weaknesses",
      "mapped_noncompliant_count": 22,
      "example_puids": [
        "SECM-CAT-ISU-003",
        "SECM-CAT-ISU-004",
        "SECM-CAT-ISU-007",
        "SECM-CAT-ISU-010",
        "SECM-CAT-ISU-018"
      ],
      "description_anchors": [
        "The application shall not contain any unmanaged and unsigned mobile code.",
        "The application shall not contain any mobile code that is uncategorized or lacks a digital signature."
      ],
      "severity": "High",
      "recommended_owner": "Mobile Engineering / DevOps",
      "likelihood": "Medium–High"
    },
    {
      "pattern": "Supply chain governance & outdated components",
      "mapped_noncompliant_count": 20,
      "example_puids": [
        "SECM-CAT-ISU-008",
        "SECM-CAT-ISU-009",
        "SECM-CAT-ISU-013",
        "SECM-CAT-ISU-022",
        "SECM-CAT-ISU-023"
      ],
      "description_anchors": [
        "Ensure that any resources used outside of standard app-store mechanisms are signed and also verify the signature before accepting updates.",
        "The application shall be subject to periodic security assessments including code reviews, penetration tests, and cryptographic vulnerabilities assessments according to the results of which security holes must be remedied…"
      ],
      "severity": "High",
      "recommended_owner": "DevOps / Security Engineering",
      "likelihood": "Medium–High"
    },
    {
      "pattern": "Input validation & injection weaknesses (XSS/SQLi/command/log injection)",
      "mapped_noncompliant_count": 10,
      "example_puids": [
        "SECM-CAT-ISU-037",
        "SECM-CAT-IOV-001",
        "SECM-CAT-IOV-004",
        "SECM-CAT-IOV-011",
        "SECM-CAT-IOV-015"
      ],
      "description_anchors": [
        "The application needs to implement protections against log injection by clients so that event histories in the backend system cannot be corrupted or forged.",
        "The application must implement comprehensive input validation mechanisms to safeguard against vulnerabilities and insecure deserialization. All input from external sources, including files, network communications, and in…"
      ],
      "severity": "High",
      "recommended_owner": "Mobile Engineering",
      "likelihood": "Medium"
    },
    {
      "pattern": "Audit logging completeness / retention / alerting gaps",
      "mapped_noncompliant_count": 47,
      "example_puids": [
        "SECM-CAT-IAA-004",
        "SECM-CAT-IAA-010",
        "SECM-CAT-IAA-014",
        "SECM-CAT-IAA-019",
        "SECM-CAT-IAA-021"
      ],
      "description_anchors": [
        "The application must terminate all existing user sessions immediately upon account deletion to prevent unauthorized access to application resources.",
        "The application must validate log-on information only after all input data has been completed and must not indicate which specific part of the input is correct or incorrect in case of an error."
      ],
      "severity": "Medium",
      "recommended_owner": "Governance / DevOps",
      "likelihood": "Medium–High"
    },
    {
      "pattern": "Tampering / reverse engineering protections missing",
      "mapped_noncompliant_count": 17,
      "example_puids": [
        "SECM-CAT-ISU-006",
        "SECM-CAT-ISU-012",
        "SECM-CAT-ISU-017",
        "SECM-CAT-ISU-026",
        "SECM-CAT-ISU-039"
      ],
      "description_anchors": [
        "The application must incorporate look designs to distinguish unauthorized code changes and meddling with the binary.",
        "The anti-tampering techniques to prevent code alterations and runtime inspections of your application must be implemented by the application."
      ],
      "severity": "Medium",
      "recommended_owner": "Mobile Engineering",
      "likelihood": "Medium"
    },
    {
      "pattern": "Privacy notice / consent / governance gaps",
      "mapped_noncompliant_count": 6,
      "example_puids": [
        "SECM-CAT-ISU-033",
        "SECM-CAT-ISU-040",
        "SECM-CAT-IAA-013",
        "SECM-CAT-IPC-004",
        "SECM-CAT-IPC-010"
      ],
      "description_anchors": [
        "The application shall remove out-of-date components after update installation, disable the use of unsupported components, and be decommissioned when there is no maintenance or vendor support available.",
        "The application shall implement procedures to notify the user upon the application being deprecated."
      ],
      "severity": "Medium",
      "recommended_owner": "Governance / Product",
      "likelihood": "Low–Medium"
    },
    {
      "pattern": "Security misconfiguration / insecure defaults",
      "mapped_noncompliant_count": 3,
      "example_puids": [
        "SECM-CAT-ISU-021",
        "SECM-CAT-IAA-101",
        "SECM-CAT-SMC-004"
      ],
      "description_anchors": [
        "Application should analyze and perform client-side data processing for sensitive operations (if applicable) to avoid sending confidential data to the server unnecessarily.",
        "The application must implement a clear separation of permissions for client-side and server-side components, ensuring accurate definition and enforcement of permissions for both invoking and granting applications."
      ],
      "severity": "Medium",
      "recommended_owner": "DevOps / Mobile Engineering",
      "likelihood": "Low–Medium"
    },
    {
      "pattern": "Other control gaps",
      "mapped_noncompliant_count": 43,
      "example_puids": [
        "SECM-CAT-ISU-016",
        "SECM-CAT-ISU-034",
        "SECM-CAT-ISU-042",
        "SECM-CAT-ISU-043",
        "SECM-CAT-IAA-012"
      ],
      "description_anchors": [
        "The application shall restrict the embedding of one data type within another through organization-defined limits to ensure the integrity of the data and to restrict unauthorized nesting of data.",
        "The application must preserve its own execution domains in each process, must comply with Android's application sandbox model, and must deploy to secure, dedicated platforms for sensitive or high-availability use."
      ],
      "severity": "Low",
      "recommended_owner": "Engineering",
      "likelihood": "Medium–High"
    }
  ],
  "notes": {
    "global_replacement": {
      "SEC-AM": "mSEC-AM"
    },
    "method_sentence": "The audit was carried out using the mSEC-AM (mobile SECurity Audit Method).",
    "prohibitions": [
      "No category-level bullet dumps in narrative.",
      "No long exhaustive lists of IDs.",
      "No time-window subheadings inside Recommendations."
    ]
  }
}